id,president,speech_type,sequence,paragraph_id,content,is_applause,word_count,char_count,sentence_count,reading_time_seconds
trump_joint_01_001,Trump,JOINT,01,1,"Donald J. Trump Address to Joint Session of Congress March 4, 2025 Speaker Johnson, Vice President Vance, the first lady of the United States, members of the United States Congress, thank you very much and to my fellow citizens: America is back. Six weeks ago, I stood beneath the dome of this Capitol and proclaimed the dawn of the Golden Age of America.",0,63,355,3,18.9
trump_joint_01_002,Trump,JOINT,01,2,"From that moment on, it has been nothing but swift and unrelenting action to usher in the greatest and most successful era in the history of our country.",0,28,153,1,8.4
trump_joint_01_003,Trump,JOINT,01,3,"We have accomplished more in 43 days than most administrations accomplished in 4 years, 8 years — and we are just getting started. I return to this chamber tonight to report that America’s momentum is back. Our spirit is back.",0,40,226,3,12.0
trump_joint_01_004,Trump,JOINT,01,4,Our pride is back. Our confidence is back. And the American Dream is surging bigger and better than ever before.,0,20,112,3,6.0
trump_joint_01_005,Trump,JOINT,01,5,"The American Dream is unstoppable, and our country is on the verge of a comeback the likes of which the world has never witnessed, and perhaps will never witness again. Never been anything like it. The presidential election of November 5th was a mandate like has not been seen in many decades.",0,52,293,3,15.6
trump_joint_01_006,Trump,JOINT,01,6,"We won all seven swing states, giving us an Electoral College victory of 312 votes. We won the popular vote by big numbers and won counties in our country 2,700 to 525 on a map that reads almost completely red for Republican. Now, for the first time in modern history, more Americans believe that our country is headed in the right direction than the wrong direction — in fact it’s an astonishing record, 27-point swing — the most ever.",0,79,436,3,23.7
trump_joint_01_007,Trump,JOINT,01,7,"Likewise, small business optimism saw its single largest one-month gain ever recorded, a 41-point jump. Over the past six weeks, I have signed nearly 100 Executive Orders and taken more than 400 Executive Actions, a record to restore common sense, safety, optimism and wealth all across our wonderful land. The people elected me to do the job, and I am doing it.",0,62,362,3,18.6
trump_joint_01_008,Trump,JOINT,01,8,"In fact, it has been stated by many that the first month of our presidency, it’s our presidency, is the most successful in the history of our nation. By many. And what makes it even more impressive, is that you know who number two is?",0,45,234,3,13.5
trump_joint_01_009,Trump,JOINT,01,9,George Washington. How about that? I don’t know about that list but we’ll take it.,0,15,82,3,4.5
trump_joint_01_010,Trump,JOINT,01,10,"Within hours of taking the oath of office, I declared a national emergency on our southern border, and I deployed the U.S. military and Border Patrol to repel the invasion of our country, and what a job they’ve done. As a result, illegal border crossings last month were by far the lowest ever recorded, ever.",0,55,309,4,16.5
trump_joint_01_011,Trump,JOINT,01,11,"They heard my words and they chose not to come. Much easier that way. In comparison, under Joe Biden, the worst president in American history, there were hundreds of thousands of illegal crossings a month, and virtually all of them, including murderers, drug dealers, gang members and people from mental institutions and insane asylums, were released into our country.",0,59,368,3,17.7
trump_joint_01_012,Trump,JOINT,01,12,"Who would want to do that? This is my fifth such speech to Congress, and once again, I look at the Democrats in front of me, and I realize there is absolutely nothing I can say to make them happy or to make them stand or smile or applaud, nothing I can do. I could find a cure to the most devastating disease, a disease that would wipe out entire nations, or announce the answers to the greatest economy in history or the stoppage of crime to the lowest levels ever recorded, and these people sitting right here will not clap, will not stand and certainly will not cheer for these astronomical achievements.",0,113,607,3,33.9
trump_joint_01_013,Trump,JOINT,01,13,"They won’t do it no matter what, five, five times I’ve been up here. It’s very sad, and it just shouldn’t be this way. So, Democrats sitting before me, for just this one night, why not join us in celebrating so many incredible wins for America, for the good of our nation?",0,52,272,3,15.6
trump_joint_01_014,Trump,JOINT,01,14,Let’s work together and let’s truly make America great again. Every day my administration is fighting to deliver the change America needs to bring a future America deserves and we’re doing it. This is a time for big dreams and bold action.,0,42,239,3,12.6
trump_joint_01_015,Trump,JOINT,01,15,"Upon taking office, I imposed an immediate freeze on all federal hiring, a freeze on all new federal regulations, and a freeze on all foreign aid. I terminated the ridiculous green new scam. I withdrew from the unfair Paris Climate Accord, which was costing us trillions of dollars that other countries were not paying.",0,54,319,3,16.2
trump_joint_01_016,Trump,JOINT,01,16,"I withdrew from the corrupt World Health Organization, and I also withdrew from the anti-American U.N. Human Rights Council. We ended all of Biden’s environmental restrictions that were making our country far less safe and totally unaffordable.",0,37,244,4,11.1
trump_joint_01_017,Trump,JOINT,01,17,"And importantly, we ended the last administration’s insane electric vehicle mandate, saving our auto workers and companies from economic destruction.",0,20,149,1,6.0
trump_joint_01_018,Trump,JOINT,01,18,"To unshackle our economy, I have directed that for every one new regulation, 10 old regulations must be eliminated, just like I did in my very successful first term. And in that first term, we set records on ending unnecessary rules and regulations like no other president had done before. We ordered all federal workers to return to the office.",0,60,345,3,18.0
trump_joint_01_019,Trump,JOINT,01,19,They will either show up for work in person or be removed from their job.,0,15,73,1,4.5
trump_joint_01_020,Trump,JOINT,01,20,"We have ended weaponized government, where, as an example, a sitting president is allowed to viciously prosecute his political opponent like me. How did that work out? Not too good, not too good.",0,33,195,3,9.9
trump_joint_01_021,Trump,JOINT,01,21,"And I have stopped all government censorship and brought back free speech in America, it’s back. And two days ago I signed an order making English the official language of the United States of America. I renamed the Gulf of Mexico the Gulf of America.",0,45,251,3,13.5
trump_joint_01_022,Trump,JOINT,01,22,"And likewise, I renamed for a great president, William McKinley, Mount McKinley, again. Beautiful Alaska. We love Alaska.",0,18,121,3,5.4
trump_joint_01_023,Trump,JOINT,01,23,"We’ve ended the tyranny of so-called Diversity, Equity and Inclusion policies all across the entire federal government and indeed the private sector and our military. And our country will be woke no longer. We believe that whether you are a doctor, an accountant, a lawyer or an air traffic controller, you should be hired and promoted based on skill and competence, not race or gender.",0,65,386,3,19.5
trump_joint_01_024,Trump,JOINT,01,24,"You should be hired based on merit, and the Supreme Court in a brave and very powerful decision has allowed us to do so. Thank you, thank you very much.",0,30,152,2,9.0
trump_joint_01_025,Trump,JOINT,01,25,"We have removed the poison of critical race theory from our public schools and I signed an order making the official policy of the United States government that there are only two genders, male and female. I also signed an executive order to ban men from playing in women’s sports. Three years ago, Payton McNabb was an all-star high school athlete, one of the best, preparing for a future in college sports.",0,72,408,3,21.6
trump_joint_01_026,Trump,JOINT,01,26,"But when her girls volleyball match was invaded by a male, he smashed the ball so hard in Payton’s face, causing traumatic brain injury, partially paralyzing her right side and ending her athletic career. It was a shot like she’s never seen before. She’s never seen anything like it.",0,49,283,3,14.7
trump_joint_01_027,Trump,JOINT,01,27,"Payton is here tonight in the gallery, and Payton, from now on, schools will kick the men off the girls team or they will lose all federal funding. And if you really want to see numbers, just take a look at what happened in the women’s boxing, weightlifting, track and field, swimming or cycling, where a male recently finished a long-distance race five hours and 14 minutes ahead of a woman for a new record by five hours. Broke the record by five hours.",0,84,455,3,25.2
trump_joint_01_028,Trump,JOINT,01,28,"It’s demeaning for women, and it’s very bad for our country. We’re not going to put up with it any longer. What I have just described is only a small fraction of the common sense revolution that is now because of us sweeping the entire world, common sense has become a common theme, and we will never go back.",0,59,309,3,17.7
trump_joint_01_029,Trump,JOINT,01,29,"Never, never going to let that happen. Among my very highest priorities is to rescue our economy and get dramatic and immediate relief to working families. As you know, we inherited from the last administration an economic catastrophe and an inflation nightmare.",0,42,262,3,12.6
trump_joint_01_030,Trump,JOINT,01,30,"Their policies drove up energy prices, pushed up grocery costs, and drove the necessities of life out of reach for millions and millions of Americans, they’ve never had anything like it. We suffered the worst inflation in 48 years, but perhaps even in the history of our country, they’re not sure. As president, I’m fighting every day to reverse this damage and make America affordable again.",0,66,392,3,19.8
trump_joint_01_031,Trump,JOINT,01,31,Joe Biden especially let the price of eggs get out of control. The egg prices out of control. And we are working hard to get it back down.,0,28,138,3,8.4
trump_joint_01_032,Trump,JOINT,01,32,"Secretary, do a good job on that, you inherited a total mess from that administration. Do a good job. A major focus of our fight to defeat inflation is rapidly reducing the cost of energy.",0,35,188,3,10.5
trump_joint_01_033,Trump,JOINT,01,33,"The previous administration cut the number of new oil and gas leases by 95%, slowed pipeline construction to a halt, and closed more than 100 power plants.",0,27,155,1,8.1
trump_joint_01_034,Trump,JOINT,01,34,"We are opening up many of those power plants right now. And frankly, we have never seen anything like it. That’s why, on my first day in office, I declared a national energy emergency.",0,34,184,3,10.2
trump_joint_01_035,Trump,JOINT,01,35,"As you’ve heard me say many times, we have more liquid gold under our feet than any nation on Earth. And by far, and now, I fully authorize the most talented team ever assembled to go and get it. It’s called drill, baby, drill.",0,44,227,3,13.2
trump_joint_01_036,Trump,JOINT,01,36,"My administration is also working on a gigantic natural gas pipeline in Alaska, among the largest in the world, where Japan, South Korea and other nations want to be our partner with investments of trillions of dollars each. It’s never been anything like that one. It will be truly spectacular.",0,50,294,3,15.0
trump_joint_01_037,Trump,JOINT,01,37,"It’s all set to go. The permitting has gotten and later this week, I will also take historic action to dramatically expand production of critical minerals and rare earths here in the USA.",0,33,187,2,9.9
trump_joint_01_038,Trump,JOINT,01,38,"To further combat inflation, we will not only be reducing the cost of energy, but will be ending the flagrant waste of taxpayer dollars. And to that end I have created the brand new Department of Government Efficiency. DOGE!",0,39,224,3,11.7
trump_joint_01_039,Trump,JOINT,01,39,"Perhaps you’ve heard of it, perhaps. Which is headed by Elon Musk, who is in the gallery tonight. Thank you, Elon, you’re working very hard.",0,25,140,3,7.5
trump_joint_01_040,Trump,JOINT,01,40,"He didn’t need this, he didn’t need this. Thank you very much. We appreciate it.",0,15,80,3,4.5
trump_joint_01_041,Trump,JOINT,01,41,"Everybody here, even this side, appreciates it I believe. They just don’t want to admit that. Just listen to some of the appalling waste we have already identified: $22 billion from HHS to provide free housing and cars for illegal aliens, $45 million for diversity, equity and inclusion scholarships in Burma, $40 million to improve the social and economic inclusion of sedentary migrants.",0,63,389,3,18.9
trump_joint_01_042,Trump,JOINT,01,42,"Nobody knows what that is. $8 million to promote LGBTQ+ in the African nation of Lesotho, which nobody has ever heard of, $60 million for indigenous peoples and Afro-Colombian empowerment in Central America. $60 million.",0,35,220,3,10.5
trump_joint_01_043,Trump,JOINT,01,43,$8 million for making mice transgender. This is real. $32 million for a left-wing propaganda operation in Moldova.,0,18,114,3,5.4
trump_joint_01_044,Trump,JOINT,01,44,"$10 million for male circumcision in Mozambique. $20 million for the Arab “Sesame Street” in the Middle East, it’s a program, $20 million for program. $1.9 billion to recently created decarbonization of homes committee — headed up and we know she’s involved just at the last moment, the money was passed over by a woman named Stacey Abrams.",0,58,340,4,17.4
trump_joint_01_045,Trump,JOINT,01,45,"Have you ever heard of her? A $3.5 million consulting contract for lavish fish monitoring. $1.5 million for voter confidence in Liberia, $14 million for social cohesion in Mali, $59 million for illegal alien hotel rooms in New York City, real estate developers done very well.",0,46,276,5,13.8
trump_joint_01_046,Trump,JOINT,01,46,"$250,000 to increase vegan local climate action innovation in Zambia, $42 million for social and behavior change in Uganda, $14 million for improving public procurement in Serbia, $47 million for improving learning outcomes in Asia. Asia is doing very well with learning. You know what we’re doing?",0,47,298,3,14.1
trump_joint_01_047,Trump,JOINT,01,47,"Should use it ourselves. A $101 million for DEI contracts at the Department of Education. The most ever paid, nothing even like it.",0,23,131,3,6.9
trump_joint_01_048,Trump,JOINT,01,48,"Under the Trump administration, all of these scams and there are far worse, but I didn’t think it was appropriate to talk about them, they’re so bad. Many more have been found out and exposed and swiftly terminated by a group of very intelligent, mostly young people headed up by Elon, and we appreciate it. We found hundreds of billions of dollars of fraud.",0,64,358,3,19.2
trump_joint_01_049,Trump,JOINT,01,49,"And we’ve taken back the money and reduced our debt to fight inflation and other things. Taking back a lot of that money, we got it just in time. This is just the beginning.",0,34,173,3,10.2
trump_joint_01_050,Trump,JOINT,01,50,"The Government Accountability Office, federal government office, has estimated annual fraud of over $500 billion in our nation, and we are working very hard to stop it. We’re going to. We’re also identifying shocking levels of incompetence and probable fraud in the Social Security program for our seniors and that our seniors and people that we love rely on.",0,59,359,3,17.7
trump_joint_01_051,Trump,JOINT,01,51,"Believe it or not, government databases list 4.7 million Social Security members from people aged 100 to 109 years old. It lists 3.6 million people from ages 110 to 119. I don’t know any of them.",0,36,195,5,10.8
trump_joint_01_052,Trump,JOINT,01,52,"I know some people that are rather elderly, but not quite that elderly. 3.47 million people from ages 120 to 129, 3.9 million people from ages 130 to 139, 3.5 million people from ages 140 to 149, and money is being paid to many of them, and we’re searching right now. In fact, Pam, good luck, good luck.",0,58,303,6,17.4
trump_joint_01_053,Trump,JOINT,01,53,You’re going to find it.,0,5,24,1,1.5
trump_joint_01_054,Trump,JOINT,01,54,"But a lot of money is paid out to people, because it just keeps getting paid and paid, and nobody does, and it really hurts Social Security and hurts our country, 1.3 million people from ages 150 to 159 and over 130,000 people, according to the Social Security databases, are age over 160 years old.",0,55,299,2,16.5
trump_joint_01_055,Trump,JOINT,01,55,"We have a healthier country than I thought, Bobby. Including, to finish, 1,039 people between the ages of 220 and 229, one person between the age of 240 and 249 and one person is listed at 360 years of age — more than 100 years, more than 100 years older than our country.",0,53,272,2,15.9
trump_joint_01_056,Trump,JOINT,01,56,"But we’re going to find out where that money is going, and it’s not going to be pretty, by slashing all of the fraud, waste and theft. And theft we can find.",0,32,157,2,9.6
trump_joint_01_057,Trump,JOINT,01,57,"We will defeat inflation, bring down mortgage rates, lower car payments and grocery prices, protect our seniors and put more money in the pockets of American families. And today, interest rates took a beautiful drop. Big beautiful drop.",0,38,236,3,11.4
trump_joint_01_058,Trump,JOINT,01,58,"It’s about time. And in the near future I want to do what has not been done in 24 years — balance the federal budget, we’re gonna balance it. With that goal in mind, we have developed in great detail what we are calling the Gold Card, which goes on sale very, very soon.",0,54,270,3,16.2
trump_joint_01_059,Trump,JOINT,01,59,"For $5 million we will allow the most successful job-creating people from all over the world to buy a path to U.S. citizenship. It’s like the green card, but better and more sophisticated.",0,33,188,4,9.9
trump_joint_01_060,Trump,JOINT,01,60,"And these people will have to pay tax in our country. They won’t have to pay tax from where they came, the money that they’ve made, you wouldn’t want to do that.",0,32,161,2,9.6
trump_joint_01_061,Trump,JOINT,01,61,"But they have to pay tax, create jobs. They’ll also be taking people out of colleges and paying for them so that we can keep them in our country, instead of having them being forced out. Number one at the top school as an example, being forced out and not being allowed to stay and create tremendous numbers of jobs and great success for a company out there.",0,68,358,3,20.4
trump_joint_01_062,Trump,JOINT,01,62,"So while we take out the criminals, killers, traffickers and child predators who are allowed to enter our country under the open border policy of these people, the Democrats, the Biden administration, the open border, insane policies that you’ve allowed to destroy our country, we will now bring in brilliant, hardworking job-creating people. They’re going to pay a lot of money, and we’re going to reduce our debt with that money. Americans have given us a mandate for bold and profound change.",0,82,495,3,24.6
trump_joint_01_063,Trump,JOINT,01,63,"For nearly 100 years the federal bureaucracy has grown until it has crushed our freedoms, ballooned our deficits, and held back America’s potential in every possible way. The nation founded by pioneers and risk takers, now drowns under millions and millions of pages of regulations and debt. Approvals that should take 10 days to get instead, take 10 years, 15 years, and even 20 years before you reject it.",0,69,407,3,20.7
trump_joint_01_064,Trump,JOINT,01,64,"Meanwhile, we have hundreds of thousands of federal workers who have not been showing up to work.",0,17,97,1,5.1
trump_joint_01_065,Trump,JOINT,01,65,"My administration will reclaim power from this unaccountable bureaucracy, and we will restore true democracy to America again. Any federal bureaucrat who resists this change will be removed from office immediately. Because we are draining the swamp, it’s very simple, and the days of rule by unelected bureaucrats are over.",0,50,323,3,15.0
trump_joint_01_066,Trump,JOINT,01,66,"And the next phase of our plan to deliver the greatest economy in history is for this Congress to pass tax cuts for everybody. They’re in there, they’re waiting for you to vote. And I’m sure that the people on my right — I don’t mean the Republican right, but my right, right here — I’m sure you’re going to vote for those tax cuts, because otherwise I don’t believe the people will ever vote you into office.",0,78,409,3,23.4
trump_joint_01_067,Trump,JOINT,01,67,So I’m doing you a big favor by telling you that.,0,11,49,1,3.3
trump_joint_01_068,Trump,JOINT,01,68,"But I know this group is going to be voting for the tax cut. A very, very big part of our plan, we had tremendous success in our first term with it, a very big part of our plan. We’re seeking permanent income tax cuts all across the board and to get urgently needed relief to Americans hit especially hard by inflation.",0,62,319,3,18.6
trump_joint_01_069,Trump,JOINT,01,69,"I’m calling for no tax on tips, no tax overtime and no tax on Social Security benefits for our great seniors. And I also want to make interest payments on car loans tax deductible, but only if the car is made in America. Oh, and by the way, we’re going to have growth in the auto industry like nobody’s ever seen.",0,61,313,3,18.3
trump_joint_01_070,Trump,JOINT,01,70,Plants are opening up all over the place. Deals are being made like never seen. That’s a combination of the election win and tariffs.,0,24,133,3,7.2
trump_joint_01_071,Trump,JOINT,01,71,"It’s a beautiful word, isn’t it? That that along with our other policies will allow our auto industry to absolutely boom. It’s going to boom.",0,25,141,3,7.5
trump_joint_01_072,Trump,JOINT,01,72,"Spoke to the majors today. All three, the top people and they’re so excited. In fact, already numerous car companies have announced that they will be building massive automobile plants in America, with Honda just announcing a new plant in Indiana, one of the largest anywhere in the world.",0,49,289,3,14.7
trump_joint_01_073,Trump,JOINT,01,73,"And this has taken place since a great victory on November 5th, a date which will hopefully go down as one of the most important in the history of our country. In addition, as part of our tax cuts, we want to cut taxes on domestic production and all manufacturing. And just as we did before, we will provide 100% expensing.",0,61,323,3,18.3
trump_joint_01_074,Trump,JOINT,01,74,"It will be retroactive to January 20th, 2025. And it was one of the main reasons why our tax cuts were so successful in our first term, giving us the most successful economy in the history of our country. First term, we had a great first term.",0,47,243,3,14.1
trump_joint_01_075,Trump,JOINT,01,75,"And if you don’t make your product in America, however, under the Trump administration, you will pay a tariff and in some cases a rather large one. Other countries have used tariffs against us for decades, and now it’s our turn to start using them against those other countries. On average, the European Union, China, Brazil, India, Mexico and Canada.",0,60,351,3,18.0
trump_joint_01_076,Trump,JOINT,01,76,Have you heard of them? And countless other nations charge us tremendously higher tariffs than we charge them. It’s very unfair.,0,21,128,3,6.3
trump_joint_01_077,Trump,JOINT,01,77,India charges us auto tariffs higher than 100%. China’s average tariff on our products is twice what we charge them. And South Korea’s average tariff is four times higher.,0,29,171,3,8.7
trump_joint_01_078,Trump,JOINT,01,78,"Think of that, four times higher. And we give so much help militarily and in so many other ways to South Korea.",0,22,111,2,6.6
trump_joint_01_079,Trump,JOINT,01,79,But that’s what happens. This is happening by friend and foe. This system is not fair to the United States and never was.,0,23,121,3,6.9
trump_joint_01_080,Trump,JOINT,01,80,"And so on April 2nd, I wanted to make an April 1st, but I didn’t want to be accused of April Fool’s Day. That’s what one day would cost us, a lot of money, but we’re going to do it in April. I’m a very superstitious person.",0,47,223,3,14.1
trump_joint_01_081,Trump,JOINT,01,81,"April 2nd reciprocal tariffs kick in and whatever they tariff us, other countries, we will tariff them. That’s reciprocal back and forth. Whatever they tax us, we will tax them.",0,30,177,3,9.0
trump_joint_01_082,Trump,JOINT,01,82,"If they do non-monetary tariffs to keep us out of their market, then we will do non-monetary barriers to keep them out of our market. It’s a lot of that too. They don’t even allow us in that market.",0,39,198,3,11.7
trump_joint_01_083,Trump,JOINT,01,83,We will take in trillions and trillions of dollars and create jobs like we have never seen before. I did it with China and I did it with others and the Biden administration couldn’t do anything about it because there was so much money. They couldn’t do anything about it.,0,50,271,3,15.0
trump_joint_01_084,Trump,JOINT,01,84,"We’ve been ripped off for decades by nearly every country on Earth, and we will not let that happen any longer. Much has been said over the last three months about Mexico and Canada, but we have very large deficits with both of them.",0,44,233,2,13.2
trump_joint_01_085,Trump,JOINT,01,85,"But even more importantly, they’ve allowed fentanyl to come into our country at levels never seen before, killing hundreds of thousands of our citizens and many very young, beautiful people destroying families. Nobody’s ever seen anything like it. They are, in effect, receiving subsidies of hundreds of billions of dollars.",0,50,324,3,15.0
trump_joint_01_086,Trump,JOINT,01,86,"We pay subsidies to Canada and to Mexico, have hundreds of billions of dollars in the United States, will not be doing that any longer. We’re not going to do it any longer. Thanks to our America First policies we’re putting into place, we have had $1.7 trillion of new investment in America in just the past few weeks.",0,59,318,4,17.7
trump_joint_01_087,Trump,JOINT,01,87,"The combination of the election and our economic policies that people love. SoftBank, one of the most brilliant anywhere in the world, announced a $200 billion investment. OpenAI and Oracle, Larry Ellison, announced $500 billion investment, which they wouldn’t have done if Kamala had won.",0,45,289,3,13.5
trump_joint_01_088,Trump,JOINT,01,88,"Apple announced $500 billion investment. Tim Cook called me, said, I cannot spend it fast enough, it’s got to be much higher than that. I believe they’ll be building their plants here instead of in China.",0,36,204,3,10.8
trump_joint_01_089,Trump,JOINT,01,89,"And just yesterday, Taiwan Semiconductor, the biggest in the world’s most powerful in the world, has a tremendous amount — 97% of the market — announced a $165 billion investment to build the most powerful chips on Earth right here in the U.S.A. And we’re not giving them any money. Your CHIPS Act is a horrible, horrible thing.",0,58,328,5,17.4
trump_joint_01_090,Trump,JOINT,01,90,We give hundreds of billions of dollars and it doesn’t mean a thing. They take our money and they don’t spend it. All that meant to them.,0,27,137,3,8.1
trump_joint_01_091,Trump,JOINT,01,91,We’re giving them no money. All that was important to them was they didn’t want to pay the tariffs. So they came and they’re building.,0,25,134,3,7.5
trump_joint_01_092,Trump,JOINT,01,92,"And many other companies are coming. We don’t have to give them money, we just want to protect our businesses and our people, and they will come because they won’t have to pay tariffs if they build in America. So it’s very amazing.",0,43,231,3,12.9
trump_joint_01_093,Trump,JOINT,01,93,"You should get rid of the CHIPS Act and whatever’s left over, Mr. Speaker, you should use it to reduce debt or any other reason you want to. A new trade policy will also be great for the American farmer.",0,40,203,3,12.0
trump_joint_01_094,Trump,JOINT,01,94,"I love the farmer. We’ll now be selling it to our home market in the U.S.A., because nobody is going to be able to compete with you. Because those goods that come in from other countries and companies, they’re really, really in a bad position in so many different ways.",0,50,269,6,15.0
trump_joint_01_095,Trump,JOINT,01,95,"They’re uninspected. They may be very dirty and disgusting and they come in and they pour in and they hurt our American farmers. The tariffs will go on agricultural product coming into America and our farmers starting on April 2nd, it may be a little bit of an adjustment period, we had that before when I made the deal with China, $50 billion of purchases and I said, just bear with me.",0,72,387,3,21.6
trump_joint_01_096,Trump,JOINT,01,96,"And they did, they did. You really have to bear with me again and this will be even better. That was great.",0,22,107,3,6.6
trump_joint_01_097,Trump,JOINT,01,97,The problem with it was that Biden didn’t enforce it. He didn’t enforce it. $50 billion of purchases.,0,18,101,3,5.4
trump_joint_01_098,Trump,JOINT,01,98,And we were doing great.,0,5,24,1,1.5
trump_joint_01_099,Trump,JOINT,01,99,"But Biden did not enforce it, and it hurt our farmers.",0,11,54,1,3.3
trump_joint_01_100,Trump,JOINT,01,100,"But our farmers are going to have a field day right now. So to our farmers, have a lot of fun. I love you, too.",0,25,111,3,7.5
trump_joint_01_101,Trump,JOINT,01,101,"I love you too. And I have also imposed a 25% tariff on foreign aluminum, copper, lumber and steel because if we don’t have, as an example, steel and lots of other things, we don’t have a military and frankly we just won’t have a country very long. Here today is a proud American steelworker, fantastic person from Decatur, Alabama.",0,60,332,3,18.0
trump_joint_01_102,Trump,JOINT,01,102,"Jeff Denard has been working at the same steel plant for 27 years in a job that has allowed him to serve as the captain of his local volunteer fire department, raise seven children with his beautiful wife, Nicole, and over the years provide a loving home for more than 40 foster children. So great, Jeff. Thank you, Jeff.",0,59,321,3,17.7
trump_joint_01_103,Trump,JOINT,01,103,Stories like Jeff’s remind us that tariffs are not just about protecting American jobs. They’re about protecting the soul of our country. Tariffs are about making America rich again and making America great again.,0,34,213,3,10.2
trump_joint_01_104,Trump,JOINT,01,104,"And it’s happening. And it will happen rather quickly. There’ll be a little disturbance, but we’re okay with that.",0,19,114,3,5.7
trump_joint_01_105,Trump,JOINT,01,105,"It won’t be much. No you’re not, oh. And look, look where Biden took us, it’s very low, the lowest we’ve ever been.",0,23,115,3,6.9
trump_joint_01_106,Trump,JOINT,01,106,"Jeff, I want to thank you very much. And I also want to recognize another person who has devoted herself to foster care community. She worked so hard on it, her very loving person, our magnificent first lady of the United States.",0,42,229,3,12.6
trump_joint_01_107,Trump,JOINT,01,107,"Melania’s work has yielded incredible results, helping prepare our nation’s future leaders as they enter the workforce. Our first lady is joined by two impressive young women. Very impressive.",0,29,192,3,8.7
trump_joint_01_108,Trump,JOINT,01,108,"Haley Ferguson, who benefited from the First Ladies Fostering the Future initiative and is poised to complete her education, become a teacher. And Allison Berry, who became a victim of an illicit, deepfake image produced by a peer. With Allison’s help, the Senate just passed the Take It Down Act, and this is so important.",0,55,323,3,16.5
trump_joint_01_109,Trump,JOINT,01,109,"Thank you very much, John Thune. Thank you, Senator. Thank you, John.",0,12,69,3,3.6
trump_joint_01_110,Trump,JOINT,01,110,Thank you all very much. Thank you. And thank you to John Thune and the Senate.,0,16,79,3,4.8
trump_joint_01_111,Trump,JOINT,01,111,"Great job to criminalize the publication of such images online. Just terrible, terrible thing. And once it passes the House, I look forward to signing that bill into law.",0,29,170,3,8.7
trump_joint_01_112,Trump,JOINT,01,112,"Thank you. And I’m going to use that bill for myself, too, if you don’t mind. There’s nobody gets treated worse than I do online.",0,25,129,3,7.5
trump_joint_01_113,Trump,JOINT,01,113,Nobody. That’s great. Thank you very much to the Senate.,0,10,56,3,3.0
trump_joint_01_114,Trump,JOINT,01,114,"But if we truly care about protecting America’s children, no step is more crucial than securing America’s borders. Over the past four years, 21 million people poured into the United States, many of them were murderers, human traffickers, gang members, and other criminals from the streets of dangerous cities all throughout the world because of Joe Biden’s insane and very dangerous open border policies. They are now strongly embedded in our country.",0,72,451,3,21.6
trump_joint_01_115,Trump,JOINT,01,115,"But we are getting them out and getting them out fast. And I want to thank Tom Homan and Kristi, I want to thank you, and Paul and Border Patrol.",0,30,145,2,9.0
trump_joint_01_116,Trump,JOINT,01,116,I want to thank you. What a job they’ve all done. Everybody.,0,12,60,3,3.6
trump_joint_01_117,Trump,JOINT,01,117,"Border Patrol, ICE, law enforcement in general is incredible.",0,9,61,1,2.7
trump_joint_01_118,Trump,JOINT,01,118,"We have to take care of our law enforcement. Last year, a brilliant 22 year-old nursing student named Laken Riley, the best in her class, admired by everybody, went out for a jog on the campus of the University of Georgia. That morning Laken was viciously attacked, assaulted, beaten, brutalized, and horrifically murdered.",0,53,323,3,15.9
trump_joint_01_119,Trump,JOINT,01,119,"Lincoln was stolen from us by a savage illegal alien gang member who was arrested while trespassing across Biden’s open southern border and then sent loose into the United States under the heartless policies of that failed administration. It was indeed a failed administration. He had then been arrested and released in a Democrat-run sanctuary city, a disaster, before ending the life of this beautiful young angel.",0,67,416,3,20.1
trump_joint_01_120,Trump,JOINT,01,120,"With us this evening, our Laken’s beloved mother Allyson and her sister Lauren. Last year, I told Laken’s grieving parents that we would ensure their daughter would not have died in vain. That’s why the very first bill I signed into law as your 47th president mandates the detention of all dangerous criminal aliens who threaten public safety.",0,58,343,3,17.4
trump_joint_01_121,Trump,JOINT,01,121,"Very strong, powerful act. It’s called the Laken Riley Act. So, Allyson and Lauren, America will never, ever forget our beautiful Laken Hope Riley.",0,24,147,3,7.2
trump_joint_01_122,Trump,JOINT,01,122,"Since taking office, my administration has launched the most sweeping border and immigration crackdown in American history. And we quickly achieved the lowest numbers of illegal border crossers ever recorded. Thank you.",0,32,219,3,9.6
trump_joint_01_123,Trump,JOINT,01,123,"The media and our friends in the Democrat Party kept saying we needed new legislation, we must have legislation to secure the border.",0,23,133,1,6.9
trump_joint_01_124,Trump,JOINT,01,124,"But it turned out that all we really needed was a new president. Joe Biden didn’t just open our borders. He flew illegal aliens over them to overwhelm our schools, hospitals and communities throughout the country.",0,36,213,3,10.8
trump_joint_01_125,Trump,JOINT,01,125,"Entire towns like Aurora, Colorado and Springfield, Ohio, buckled under the weight of the migrant occupation and corruption like nobody’s ever seen before. Beautiful towns destroyed. Now, just as I promised in my inaugural address, we are achieving the great liberation of America.",0,43,281,3,12.9
trump_joint_01_126,Trump,JOINT,01,126,"But there still is much work to be done. Here tonight is a woman I have gotten to know, Alexis Nungaray from Houston. Wonderful woman.",0,25,134,3,7.5
trump_joint_01_127,Trump,JOINT,01,127,"Last June, Alexis’ 12-year-old daughter, her precious Jocelyn, walked to a nearby convenience store. She was kidnapped, tied up, assaulted for two hours under a bridge, and horrifically murdered. Arrested and charged with this heinous crime are two illegal alien monsters from Venezuela released into America by the last administration through their ridiculous open border.",0,55,373,3,16.5
trump_joint_01_128,Trump,JOINT,01,128,"The death of this beautiful 12-year-old girl and the agony of her mother and family touched our entire nation greatly. Alexis, I promised that we would always remember your daughter, your magnificent daughter. And earlier tonight, I signed an order keeping my word to you.",0,45,272,3,13.5
trump_joint_01_129,Trump,JOINT,01,129,"One thing I have learned about Jocelyn is that she loved animals so much. She loved nature. Across Galveston Bay, from where Jocelyn lived in Houston you will find a magnificent national wildlife refuge, a pristine, peaceful, 34,000-acre sanctuary for all of God’s creatures on the edge of the Gulf of America.",0,52,310,3,15.6
trump_joint_01_130,Trump,JOINT,01,130,"Alexis. Moments ago, I formally renamed that refuge in loving memory of your beautiful daughter, Jocelyn. Mr.",0,17,109,3,5.1
trump_joint_01_131,Trump,JOINT,01,131,"Vice President, if you would, may I have the order? Thank you very much. All three savages charged with Jocelyn and Laken’s murders were members of the Venezuelan prison gang.",0,30,175,3,9.0
trump_joint_01_132,Trump,JOINT,01,132,"The toughest gang, they say, in the world known as Tren de Aragua. Two weeks ago, I officially designated this gang, along with MS-13 and the bloodthirsty Mexican drug cartels, as foreign terrorist organizations. They are now officially in the same category as ISIS, and that’s not good for them.",0,50,296,3,15.0
trump_joint_01_133,Trump,JOINT,01,133,Countless thousands of these terrorists were welcomed into the U.S. by the Biden administration.,0,14,96,3,4.2
trump_joint_01_134,Trump,JOINT,01,134,"But now every last one will be rounded up and forcibly removed from our country. Or, if they are too dangerous, put in jails, standing trial in this country because we don’t want them to come back ever. With us this evening is a warrior on the frontline of that battle.",0,51,269,3,15.3
trump_joint_01_135,Trump,JOINT,01,135,"Border Patrol agent Roberto Ortiz, great guy. In January, Roberto and another agent were patrolling by the Rio Grande near an area known as Cartel Island. Doesn’t sound too nice to me.",0,32,184,3,9.6
trump_joint_01_136,Trump,JOINT,01,136,"When heavily armed gunmen started shooting at them, Roberto saw that his partner was totally exposed to great danger, and he leapt into action, returning fire and providing crucial seconds for his fellow agent to seek safety, and just barely.",0,40,242,1,12.0
trump_joint_01_137,Trump,JOINT,01,137,"I have some of the prints of that event and it was not good. Agent Ortiz, we salute you for your great courage and your line of fire that you took and for the bravery that you showed. We honor you, and we will always honor you.",0,47,227,3,14.1
trump_joint_01_138,Trump,JOINT,01,138,"Thank you, Roberto, very much. And I actually got to know him on my many calls to the border. He’s a great, great gentleman.",0,24,124,3,7.2
trump_joint_01_139,Trump,JOINT,01,139,"The territory to the immediate south of our border is now dominated entirely by criminal cartels that murder, rape, torture and exercise total control. They have total control over a whole nation. posing a grave threat to our national security.",0,40,244,3,12.0
trump_joint_01_140,Trump,JOINT,01,140,"The cartels are waging war in America, and it’s time for America to wage war on the cartels. Five nights ago, Mexican authorities, because of our tariff policies being imposed on them, think of this, handed over to us 29 of the biggest cartel leaders in their country. That has never happened before.",0,53,300,3,15.9
trump_joint_01_141,Trump,JOINT,01,141,They want to make us happy. First time ever.,0,9,44,2,2.7
trump_joint_01_142,Trump,JOINT,01,142,"But we need Mexico and Canada to do much more than they’ve done, and they have to stop the fentanyl and drugs pouring into the U.S.A. They’re going to stop it.",0,31,159,4,9.3
trump_joint_01_143,Trump,JOINT,01,143,"I have sent Congress a detailed funding request, laying out exactly how we will eliminate these threats to protect our homeland and complete the largest deportation operation in American history. Larger even than current record holder President Dwight D. Eisenhower, a moderate man but someone who believed very strongly in borders.",0,51,332,3,15.3
trump_joint_01_144,Trump,JOINT,01,144,"Americans expect Congress to send me this funding without delay so I can sign it into law. So, Mr. Speaker, John Thune, both of you, I hope you’re going to be able to do that.",0,35,175,3,10.5
trump_joint_01_145,Trump,JOINT,01,145,"Mr. Speaker, thank you, Mr. Leader, thank you.",0,8,46,3,2.4
trump_joint_01_146,Trump,JOINT,01,146,Thank you very much. And let’s get it to me. I’ll sign it so fast you won’t even believe it.,0,20,92,3,6.0
trump_joint_01_147,Trump,JOINT,01,147,"And as we reclaim our sovereignty, we must also bring back law and order to our cities and towns. In recent years, our justice system has been turned upside down by radical left lunatics. Many jurisdictions virtually ceased enforcing the law against dangerous repeat offenders while weaponizing law enforcement against political opponents like me.",0,54,347,3,16.2
trump_joint_01_148,Trump,JOINT,01,148,"My administration has acted swiftly and decisively to restore fair, equal and impartial justice under the constitutional rule of law. Starting at the FBI and the DOJ, Pam. Good luck.",0,30,182,3,9.0
trump_joint_01_149,Trump,JOINT,01,149,"Kash, wherever you may be. Good luck, good luck. Pam Bondi.",0,11,59,3,3.3
trump_joint_01_150,Trump,JOINT,01,150,Good luck. So important. Gonna to do a great job.,0,10,49,3,3.0
trump_joint_01_151,Trump,JOINT,01,151,"Kash. Thank you, thank you, thank you, Kash. They have already started very strong.",0,14,83,3,4.2
trump_joint_01_152,Trump,JOINT,01,152,"They’re going to do a fantastic job. You’re going to be very proud of them. We’re also once again giving our police officers the support, protection and respect they show dearly deserve.",0,32,186,3,9.6
trump_joint_01_153,Trump,JOINT,01,153,"They have to get it. They have such a hard, dangerous job.",0,12,58,2,3.6
trump_joint_01_154,Trump,JOINT,01,154,"But we’re going to make it less dangerous. The problem is the bad guys don’t respect the law, but they’re starting to respect it, and they soon will respect it. This also includes our great fire departments throughout the country.",0,40,230,3,12.0
trump_joint_01_155,Trump,JOINT,01,155,"Our firemen and women are unbelievable people, and I will never forget them. And besides that, they voted for me in record numbers. So I have no choice.",0,28,152,3,8.4
trump_joint_01_156,Trump,JOINT,01,156,"One year ago this month, 31-year-old New York police officer Jonathan Diller, unbelievably wonderful person and a great officer, was gunned down at a traffic stop on Long Island. I went to his funeral. A vicious criminal charged with his murder had 21 prior arrests -- and they were rough arrests, too.",0,52,302,3,15.6
trump_joint_01_157,Trump,JOINT,01,157,"He was a real bad one. The thug in the seat next to him had 14 prior arrests, and went by the name of Killer. He was Killer.",0,28,124,3,8.4
trump_joint_01_158,Trump,JOINT,01,158,"He killed other people, they say, a lot of them. I attended Officer Tiller’s service, and when I met his wife and one-year-old son, Ryan, it was very inspirational, actually. His widow’s name is Stephanie and she is here tonight.",0,40,229,3,12.0
trump_joint_01_159,Trump,JOINT,01,159,"Thank you very much Stephanie. Thank you very much. Stephanie, we’re going to make sure that Ryan knows his dad was a true hero.",0,24,128,3,7.2
trump_joint_01_160,Trump,JOINT,01,160,New York’s finest. And we’re going to get these cold-blooded killers and repeat offenders off our streets. And we’re going to do it fast.,0,24,137,3,7.2
trump_joint_01_161,Trump,JOINT,01,161,Gotta stop it. They get out with 28 arrests. They push people into subway trains.,0,15,81,3,4.5
trump_joint_01_162,Trump,JOINT,01,162,"They hit people over the head, back of the head with baseball bats. We got to get him out of here. I’ve already signed an executive order requiring a mandatory death penalty for anyone who murders a police officer.",0,39,214,3,11.7
trump_joint_01_163,Trump,JOINT,01,163,"And tonight, I’m asking Congress to pass that policy into permanent law. I’m also asking for a new crime bill getting tougher on repeat offenders while enhancing protections for America’s police officers so they can do their jobs without fear of their lives being totally destroyed. They don’t want to be killed.",0,52,312,3,15.6
trump_joint_01_164,Trump,JOINT,01,164,We’re not going to let them be killed. Joining us to the gallery tonight is a young man who truly loves our police. His name is D.J.,0,27,132,4,8.1
trump_joint_01_165,Trump,JOINT,01,165,"Daniel. He is 13 years old, and he has always dreamed of becoming a police officer.",0,16,83,2,4.8
trump_joint_01_166,Trump,JOINT,01,166,"But in 2018, D.J. was diagnosed with brain cancer. The doctors gave him five months, at most, to live.",0,19,102,4,5.7
trump_joint_01_167,Trump,JOINT,01,167,That was more than six years ago.,0,7,33,1,2.1
trump_joint_01_168,Trump,JOINT,01,168,"Since that time, D.J. and his dad have been on a quest to make his dream come true. And D.J.",0,20,92,5,6.0
trump_joint_01_169,Trump,JOINT,01,169,"has been sworn in as an honorary law enforcement officer. Actually, a number of times. The police love him.",0,19,107,3,5.7
trump_joint_01_170,Trump,JOINT,01,170,"The police departments love him. And tonight, D.J., we’re going to do you the biggest honor of them all.",0,19,104,4,5.7
trump_joint_01_171,Trump,JOINT,01,171,"I am asking our new Secret Service director, Sean Curran, to officially make you an agent of the United States secret Service. Thank you, D.J. D.J.’s doctors believe his cancer likely came from a chemical he was exposed to when he was younger.",0,43,243,6,12.9
trump_joint_01_172,Trump,JOINT,01,172,"Since 1975, rates of child cancer have increased by more than 40%. Reversing this trend is one of the top priorities for our new presidential commission to Make America Healthy Again, chaired by our new Secretary of Health and Human Services, Robert F. Kennedy Jr.",0,45,264,3,13.5
trump_joint_01_173,Trump,JOINT,01,173,"With a name Kennedy, you would have thought everybody over here would have been cheering. How quickly they forget. Our goal is to get toxins out of our environment, poisons out of our food supply, and keep our children healthy and strong.",0,42,238,3,12.6
trump_joint_01_174,Trump,JOINT,01,174,"As an example, not long ago — and you can’t even believe these numbers — one in 10,000 children had autism. One in 10,000, and now it’s one in 36. There’s something wrong.",0,33,171,3,9.9
trump_joint_01_175,Trump,JOINT,01,175,"One in 36. Think of that. So, we’re going to find out what it is, and there’s nobody better than Bobby and all of the people that are working with you.",0,31,151,3,9.3
trump_joint_01_176,Trump,JOINT,01,176,"You have the best to figure out what is going on. Okay, Bobby. Good luck.",0,15,73,3,4.5
trump_joint_01_177,Trump,JOINT,01,177,It’s a very important job. Thank you.,0,7,37,2,2.1
trump_joint_01_178,Trump,JOINT,01,178,"My administration is also working to protect children from toxic ideologies in our schools. A few years ago, January Littlejohn and her husband discovered that their daughter’s school had secretly socially transitioned their 13-year-old little girl. Teachers and administrators conspired to deceive January and her husband while encouraging their daughter to use a new name and pronouns--they/them pronouns, actually — or without telling January, who is here tonight and is now a courageous advocate against this form of child abuse.",0,80,533,3,24.0
trump_joint_01_179,Trump,JOINT,01,179,"January, thank you. Thank you. Stories like this are why, shortly after taking office, I signed an executive order banning public schools from indoctrinating our children with transgender ideology.",0,29,197,3,8.7
trump_joint_01_180,Trump,JOINT,01,180,"I also signed an order to cut off all taxpayer funding to any institution that engages in the sexual mutilation of our youth. And now, I want Congress to pass a bill permanently banning and criminalizing sex changes on children and forever ending the lie that any child is trapped in the wrong body. This is a big lie.",0,59,318,3,17.7
trump_joint_01_181,Trump,JOINT,01,181,"And our message to every child in America is that you are perfect exactly the way God made you. Because we’re getting wokeness out of our schools and out of our military, and it’s already out, and it’s out of our society. We don’t want it.",0,46,239,3,13.8
trump_joint_01_182,Trump,JOINT,01,182,Wokeness is trouble. Wokeness is bad. It’s gone.,0,8,48,3,2.4
trump_joint_01_183,Trump,JOINT,01,183,It’s gone. And we feel so much better for it. Don’t we?,0,12,55,3,3.6
trump_joint_01_184,Trump,JOINT,01,184,Don’t we feel better? Our service members won’t be activists and ideologues. They will be fighters and warriors.,0,18,112,3,5.4
trump_joint_01_185,Trump,JOINT,01,185,"They will fight for our country and Pete, congratulations, secretary of defense. And he’s not big into the woke movement, I can tell you. I know him well.",0,28,154,3,8.4
trump_joint_01_186,Trump,JOINT,01,186,"I am pleased to report that in January, the U.S. Army had its single best recruiting month in 15 years and that all armed services are having among the best recruiting results ever in the history of our services. What a difference.",0,42,231,4,12.6
trump_joint_01_187,Trump,JOINT,01,187,"And, you know, it was just a few months ago where the results were exactly the opposite. We couldn’t recruit anywhere. We couldn’t recruit.",0,24,139,3,7.2
trump_joint_01_188,Trump,JOINT,01,188,"Now we’re having the best results. And, you know, it was just a few months ago where the results were exactly the opposite. We couldn’t recruit anywhere.",0,27,153,3,8.1
trump_joint_01_189,Trump,JOINT,01,189,Now we’re having the best results just about that we’ve ever had. What a tremendous turnaround. It’s really a beautiful thing to see.,0,23,133,3,6.9
trump_joint_01_190,Trump,JOINT,01,190,People love our country again. It’s very simple. They love our country and they love being in our military again.,0,20,113,3,6.0
trump_joint_01_191,Trump,JOINT,01,191,So it’s a great thing. And thank you very much. Great job.,0,12,58,3,3.6
trump_joint_01_192,Trump,JOINT,01,192,"We’re joined tonight by a young man, Jason Hartley, who knows the weight of that call of duty. Jason’s father, grandfather and great-grandfather all wore the uniform. Jason tragically lost his dad, who was also a Los Angeles County sheriff’s deputy, when he was just a boy and now he wants to carry on the family legacy of service.",0,59,331,3,17.7
trump_joint_01_193,Trump,JOINT,01,193,"Jason is a senior in high school, a six-letter varsity athlete — a really good athlete, they say. A brilliant student with a 4.46 — that’s good — GPA and his greatest dream is to attend the U.S. Military Academy at West Point.",0,43,226,5,12.9
trump_joint_01_194,Trump,JOINT,01,194,"And Jason, that’s a very big deal getting in. That’s a hard one to get into.",0,16,76,2,4.8
trump_joint_01_195,Trump,JOINT,01,195,But I’m pleased to inform you that your application has been accepted. You’ll soon be joining the Corps of Cadets. Thank you.,0,22,125,3,6.6
trump_joint_01_196,Trump,JOINT,01,196,"Jason, you’re going to be on the Long Gray Line, Jason. As commander in chief, my focus is on building the most powerful military of the future. As a first step, I’m asking Congress to fund a state of the art “golden dome” missile defense shield to protect our homeland.",0,50,270,3,15.0
trump_joint_01_197,Trump,JOINT,01,197,"All made in the U.S.A. Ronald Reagan wanted to do it long ago, but the technology just wasn’t there. Not even close.",0,22,116,5,6.6
trump_joint_01_198,Trump,JOINT,01,198,"But now we have the technology. It’s incredible, actually. And other place — they have it.",0,16,90,3,4.8
trump_joint_01_199,Trump,JOINT,01,199,"Israel has it. Other places have it. And the United States should have it too, right?",0,16,85,3,4.8
trump_joint_01_200,Trump,JOINT,01,200,Kim. Right. They should have it too.,0,7,36,3,2.1
trump_joint_01_201,Trump,JOINT,01,201,"So I want to thank you, but it’s a very, very important. This is a very dangerous world. We should have it.",0,22,107,3,6.6
trump_joint_01_202,Trump,JOINT,01,202,We want to be protected and we’re going to protect our citizens like never before.,0,15,82,1,4.5
trump_joint_01_203,Trump,JOINT,01,203,"To boost our defense industrial base, we are also going to resurrect the American shipbuilding industry, including commercial shipbuilding and military shipbuilding. And for that purpose, I am announcing tonight that we will create a new office of shipbuilding in the White House and offer special tax incentives to bring this industry home to America, where it belongs. We used to make so many ships.",0,65,401,3,19.5
trump_joint_01_204,Trump,JOINT,01,204,"We don’t make them anymore very much, but we’re going to make them very fast, very soon. It will have a huge impact.",0,23,116,2,6.9
trump_joint_01_205,Trump,JOINT,01,205,"To further enhance our national security, my administration will be reclaiming the Panama Canal, and we’ve already started doing it. Just today, a large American company announced they are buying both ports around the Panama Canal and lots of other things having to do with the Panama Canal and a couple of other canals. The Panama Canal was built by Americans for Americans, not for others.",0,66,391,3,19.8
trump_joint_01_206,Trump,JOINT,01,206,But others could use it.,0,5,24,1,1.5
trump_joint_01_207,Trump,JOINT,01,207,"But it was built at tremendous cost of American blood and treasure. 38,000 workers died building the Panama Canal. They died of malaria.",0,23,136,3,6.9
trump_joint_01_208,Trump,JOINT,01,208,"They died of snakebites and mosquitoes. Not a nice place to work. They paid them very highly to go there, knowing there was a 25% chance that they would die.",0,30,157,3,9.0
trump_joint_01_209,Trump,JOINT,01,209,The most expensive project also that was ever built in our country’s history if you bring it up to modern-day costs. It was given away by the Carter administration for $1.,0,31,171,2,9.3
trump_joint_01_210,Trump,JOINT,01,210,"But that agreement has been violated very severely. We didn’t give it to China, we gave it to Panama, and we’re taking it back.",0,24,127,2,7.2
trump_joint_01_211,Trump,JOINT,01,211,"Now we have Marco Rubio in charge. Good luck, Marco.",0,10,52,2,3.0
trump_joint_01_212,Trump,JOINT,01,212,"Now we know who to blame if anything goes wrong. Marco has been amazing, and he’s going to do a great job. Think of it.",0,25,119,3,7.5
trump_joint_01_213,Trump,JOINT,01,213,"He got 100 votes. You know, he was approved with actually 99, but the 100th was this gentleman. And I feel very certain, so let’s assume we got 100 votes.",0,30,154,3,9.0
trump_joint_01_214,Trump,JOINT,01,214,"And I’m either very, very happy about that or I’m very concerned about it.",0,14,74,1,4.2
trump_joint_01_215,Trump,JOINT,01,215,"But he’s already proven — I mean, he’s a great gentleman. He’s respected by everybody. And we appreciate you voting for Marco.",0,22,126,3,6.6
trump_joint_01_216,Trump,JOINT,01,216,"He’s going to do a fantastic job. Thank you, thank you. He’s doing a great job.",0,16,79,3,4.8
trump_joint_01_217,Trump,JOINT,01,217,"Great job. And I also have a message tonight for the incredible people of Greenland. We strongly support your right to determine your own future, and if you choose, we welcome you into the United States of America.",0,38,214,3,11.4
trump_joint_01_218,Trump,JOINT,01,218,We need Greenland for national security and even international security. And we’re working with everybody involved to try and get it.,0,21,133,2,6.3
trump_joint_01_219,Trump,JOINT,01,219,"But we need it really for international world security. And I think we’re going to get it. One way or the other, we’re going to get it.",0,27,135,3,8.1
trump_joint_01_220,Trump,JOINT,01,220,We will keep you safe.,0,5,22,1,1.5
trump_joint_01_221,Trump,JOINT,01,221,"We will make you rich. And together we will take Greenland to heights like you have never thought possible before. It’s a very small population, but very, very large piece of land and very, very important for military security.",0,39,227,3,11.7
trump_joint_01_222,Trump,JOINT,01,222,"America is once again standing strong against the forces of radical Islamic terrorism. Three and a half years ago, ISIS terrorists killed 13 American service members and countless others in the Abbey Gate bombing during the disastrous and incompetent withdrawal from Afghanistan. Not that they were withdrawing.",0,47,311,3,14.1
trump_joint_01_223,Trump,JOINT,01,223,"It was the way they withdrew. Perhaps the most embarrassing moment in the history of our country. Tonight, I am pleased to announce that we have just apprehended the top terrorist responsible for that atrocity.",0,35,210,3,10.5
trump_joint_01_224,Trump,JOINT,01,224,"And he is right now on his way here to face the swift sword of American justice. And I want to thank, especially, the government of Pakistan for helping arrest this monster. This was a very momentous day for those 13 families who I actually got to know very well, most of them, whose children were murdered, and the many people that were so badly, over 42 people so badly injured on that fateful day in Afghanistan.",0,77,415,3,23.1
trump_joint_01_225,Trump,JOINT,01,225,"What a horrible day. Such incompetence was shown that when Putin saw what happened, I guess he said, wow, maybe this is my chance. That’s how bad it was.",0,29,153,3,8.7
trump_joint_01_226,Trump,JOINT,01,226,Should have never happened. Grossly incompetent people. I spoke to many of the parents and loved ones and they’re all in our hearts tonight.,0,24,140,3,7.2
trump_joint_01_227,Trump,JOINT,01,227,I spoke to them on the phone. We had a big call. Every one of them called and everybody was on the line and they did nothing but cry with happiness.,0,31,148,3,9.3
trump_joint_01_228,Trump,JOINT,01,228,"They were very happy. It’s happy as you can be under those circumstances. Their child, brother, sister, son, daughter was killed for no reason whatsoever.",0,25,154,3,7.5
trump_joint_01_229,Trump,JOINT,01,229,"In the Middle East, we’re bringing back our hostages from Gaza. In my first term, we achieved one of the most groundbreaking peace agreements in generations: the Abraham Accords. And now we’re going to build on that foundation, to create a more peaceful and prosperous future for the entire region.",0,50,298,3,15.0
trump_joint_01_230,Trump,JOINT,01,230,"A lot of things are happening in the Middle East. People haven’t been talking about that so much lately, with everything going on with Ukraine and Russia, a lot of things are happening in the Middle East. A rough neighborhood actually.",0,41,235,3,12.3
trump_joint_01_231,Trump,JOINT,01,231,"I’m also working tirelessly to end the savage conflict in Ukraine. Millions of Ukrainians and Russians have been needlessly killed or wounded in this horrific and brutal conflict, with no end in sight.",0,33,201,2,9.9
trump_joint_01_232,Trump,JOINT,01,232,"The United States has sent hundreds of billions of dollars to support Ukraine’s defense, with no security, with no way. Do you want to keep it going for another five years? Yeah, yeah, you would say, “Pocahontas says yes.” 2000 people are being killed every single week.",0,47,270,4,14.1
trump_joint_01_233,Trump,JOINT,01,233,More than that. They are Russian young people. They’re Ukrainian young people.,0,12,78,3,3.6
trump_joint_01_234,Trump,JOINT,01,234,"But I want it to stop. Meanwhile, Europe has sadly spent more money buying Russian oil and gas than they have spent on defending Ukraine by far. Think of that.",0,30,159,3,9.0
trump_joint_01_235,Trump,JOINT,01,235,They’ve spent more buying Russian oil and gas than they have defending. And we’ve spent perhaps $350 billion. Like taking candy from a baby.,0,24,140,3,7.2
trump_joint_01_236,Trump,JOINT,01,236,That’s what happened. And they’ve spent $100 billion. What a difference that is.,0,13,80,3,3.9
trump_joint_01_237,Trump,JOINT,01,237,And we have an ocean separating us. And they don’t.,0,10,51,2,3.0
trump_joint_01_238,Trump,JOINT,01,238,But we’re getting along very well with them. And lots of good things are happening. Biden has authorized more money in this fight than Europe has spent by billions and billions of dollars.,0,33,188,3,9.9
trump_joint_01_239,Trump,JOINT,01,239,"It’s hard to believe that they wouldn’t have stopped it and said at some point, come on, let’s equalize. You got to be equal to us. That didn’t happen.",0,29,151,3,8.7
trump_joint_01_240,Trump,JOINT,01,240,"Earlier today, I received an important letter from President Zelenskyy of Ukraine. The letter reads: ‘Ukraine is ready to come to the negotiating table as soon as possible to bring lasting peace closer. Nobody wants peace more than the Ukrainians,” he said.",0,42,257,3,12.6
trump_joint_01_241,Trump,JOINT,01,241,"“My team and I stand ready to work under President Trump’s strong leadership to get a peace that lasts. We do really value how much America has done to help Ukraine maintain its sovereignty and independence. Regarding the agreement on minerals and security, Ukraine is ready to sign it at any time that is convenient for you.” I appreciate that he sent this letter, just got it a little while ago.",0,71,397,4,21.3
trump_joint_01_242,Trump,JOINT,01,242,"Simultaneously, we’ve had serious discussion with Russia and have received strong signals that they are ready for peace. Wouldn’t that be beautiful? Wouldn’t that be beautiful?",0,26,176,3,7.8
trump_joint_01_243,Trump,JOINT,01,243,Wouldn’t that be beautiful? It’s time to stop this madness. It’s time to halt the killing.,0,16,90,3,4.8
trump_joint_01_244,Trump,JOINT,01,244,"It’s time to end this senseless war. If you want to end wars, you have to talk to both sides. Nearly four years ago, amid rising tensions, a history teacher named Mark Fogel was detained in Russia and sentenced to 14 years at a penal colony.",0,46,241,3,13.8
trump_joint_01_245,Trump,JOINT,01,245,"Rough stuff. The previous administration barely lifted a finger to help him. They knew he was innocent, but they had no idea where to begin.",0,25,140,3,7.5
trump_joint_01_246,Trump,JOINT,01,246,"But last summer, I promised his 95-year-old mother, Malphine, that we would bring her boy safely back home.",0,18,107,1,5.4
trump_joint_01_247,Trump,JOINT,01,247,"After 22 days in office, I did just that. And they are here tonight.",0,14,68,2,4.2
trump_joint_01_248,Trump,JOINT,01,248,"To Mark and his great mom: We are delighted to have you safe and sound and with us. As fate would have it, Mark Fogel was born in a small, rural town in Butler, Pennsylvania. Have you heard of it?",0,40,196,3,12.0
trump_joint_01_249,Trump,JOINT,01,249,Where his mother has lived for the past 78 years. I just happened to go there last July 13th for a rally. That was not pleasant.,0,26,128,3,7.8
trump_joint_01_250,Trump,JOINT,01,250,"And that is where I met his beautiful mom right before I walked onto that stage. And I told her I would not forget what she said about her son. And I never did that, did I?",0,37,172,3,11.1
trump_joint_01_251,Trump,JOINT,01,251,"Never forgot. Less than 10 minutes later, at that same rally, gunfire rang out and a sick and deranged assassin unloaded eight bullets from his sniper’s perch into a crowd of many thousands of people. My life was saved by a fraction of an inch, but some were not so lucky.",0,51,272,3,15.3
trump_joint_01_252,Trump,JOINT,01,252,"Corey Comperatore was a firefighter, a veteran, a Christian, a husband, a devoted father, and above all, a protector.",0,19,117,1,5.7
trump_joint_01_253,Trump,JOINT,01,253,"When the sound of gunshots pierced the air, it was a horrible sound. Corey knew instantly what it was and what to do. He threw himself on top of his wife and daughters and shielded them from the bullets with his own body.",0,43,221,3,12.9
trump_joint_01_254,Trump,JOINT,01,254,Corey was hit really hard. You know the story from there. He sacrificed his life to save theirs.,0,18,96,3,5.4
trump_joint_01_255,Trump,JOINT,01,255,"Two others, very fine people, were also seriously hit, but thankfully, with the help of two great country doctors- — we thought they were gone and they were saved — so those doctors had great talent. We’re joined by Corey’s wife, Helen, who was his high school sweetheart, and their two beloved daughters, Allison and Kaylee. Thank you.",0,58,336,3,17.4
trump_joint_01_256,Trump,JOINT,01,256,"To Helen, Allison and Kaylee: Corey is looking down on his three beautiful ladies right now, and he is cheering you on. He loves you. He is cheering you on.",0,30,156,3,9.0
trump_joint_01_257,Trump,JOINT,01,257,"Corey was taken from us much too soon, but his destiny was to leave us all with a shining example of the selfless devotion of a true American patriot. It was love like Corey’s that built our country and it’s love like Corey’s that is going to make our country more majestic than ever before. I believe that my life was saved that day in Butler for a very good reason.",0,71,367,3,21.3
trump_joint_01_258,Trump,JOINT,01,258,I was saved by God to make America great again. I believe that. Thank you very much.,0,17,84,3,5.1
trump_joint_01_259,Trump,JOINT,01,259,"From the patriots of Lexington and Concord, to the heroes of Gettysburg and Normandy, from the warriors who crossed the Delaware, to the trailblazers who climbed the Rockies, and from the legends who soared at Kitty Hawk, to the astronauts who touched the moon, Americans have always been the people who defied all odds, transcended all dangers, made the most extraordinary sacrifices, and did whatever it took to defend our children, our country, and our freedom.",0,76,464,1,22.8
trump_joint_01_260,Trump,JOINT,01,260,"As we have seen in this chamber tonight, that same strength, faith, love and spirit is still alive and thriving in the hearts of the American people. Despite the best efforts of those who would try to censor us, silence us, break us, destroy us, Americans are today a proud, free, sovereign and independent nation that will always be free, and we will fight for it ’til death.",0,68,376,2,20.4
trump_joint_01_261,Trump,JOINT,01,261,"We will never let anything happen to our beloved country because we are a country of doers, dreamers, fighters and survivors. Our ancestors crossed a vast ocean, strode into the unknown wilderness, and carved their fortunes from the rock and soil of a perilous and very dangerous frontier. They chased our destiny across a boundless continent.",0,56,343,3,16.8
trump_joint_01_262,Trump,JOINT,01,262,"They built the railroads, laid the highways, and graced the world with American marvels like the Empire State Building, the mighty Hoover Dam, and the towering Golden Gate Bridge. They lit the world with electricity, broke free of the force of gravity, fired up the engines of American industry, vanquished the communists, fascists and Marxists all over the world, and gave us countless modern wonders sculpted out of iron, glass and steel. We stand on the shoulders of these pioneers who won and built the modern age, these workers who poured their sweat into the skylines of our cities, these warriors who shed their blood on fields of battle and gave everything they had for our rights and for our freedom.",0,121,709,3,36.3
trump_joint_01_263,Trump,JOINT,01,263,"Now it is our time to take up the righteous cause of American liberty, and it is our turn to take America’s destiny into our own hands and begin the most thrilling days in the history of our country. This will be our greatest era. With God’s help, over the next four years, we are going to lead this nation even higher, and we are going to forge the freest, most advanced, most dynamic and most dominant civilization ever to exist on the face of this Earth.",0,87,457,3,26.1
trump_joint_01_264,Trump,JOINT,01,264,"We are going to create the highest quality of life, build the safest and wealthiest and healthiest and most vital communities anywhere in the world.",0,25,148,1,7.5
trump_joint_01_265,Trump,JOINT,01,265,"We are going to conquer the vast frontiers of science, and we are going to lead humanity into space and plant the American flag on the planet Mars, and even far beyond. And through it all, we are going to rediscover the unstoppable power of the American spirit. And we are going to renew unlimited promise of the American dream.",0,60,328,3,18.0
trump_joint_01_266,Trump,JOINT,01,266,"Every single day we will stand up and we will fight, fight, fight for the country our citizens believe in and for the country our people deserve. My fellow Americans, get ready for an incredible future, because the golden Age of America has only just begun. It will be like nothing that has ever been seen before.",0,57,313,3,17.1
trump_joint_01_267,Trump,JOINT,01,267,Thank you. God bless you and God bless America.,0,9,47,2,2.7
